,Date,Name,Year,Letterboxd URI,Rating,Watched Date
0,2020-05-02,Elena,2012.0,https://boxd.it/17uy3p,3.5,2015-07-12
2,2020-05-02,The Starfish,1928.0,https://boxd.it/17uZhj,5.0,2016-10-12
3,2020-05-02,The Broken Circle Breakdown,2012.0,https://boxd.it/17uZV9,4.0,2017-04-20
4,2020-05-02,I Travel Because I Have to I Come Back Because I Love You,2009.0,https://boxd.it/17v0Et,4.0,2017-08-31
5,2020-05-02,Frances Ha,2012.0,https://boxd.it/17v13X,4.5,2017-11-04
6,2020-05-02,Trainspotting,1996.0,https://boxd.it/17uIMf,3.5,2017-11-19
7,2020-05-02,Call Me by Your Name,2017.0,https://boxd.it/17v2SH,3.5,2018-02-10
8,2020-05-02,Good Manners,2017.0,https://boxd.it/17v3md,3.5,2018-08-18
9,2020-05-02,Talking Heads,1980.0,https://boxd.it/17v3RF,5.0,2018-10-10
10,2020-05-02,Rat Fever,2012.0,https://boxd.it/17v4rX,5.0,2019-01-18
11,2020-05-02,Brasil Impossível,2018.0,https://boxd.it/17v7H5,5.0,2019-01-30
12,2020-05-02,Coffee with Cinnamon,2017.0,https://boxd.it/17v4LD,4.5,2019-02-27
13,2020-05-02,It’s Never Nighttime in the Map,2016.0,https://boxd.it/17vztb,4.5,2019-03-10
14,2020-05-02,Que Som Tem a Distância?,2018.0,https://boxd.it/17v82x,3.5,2019-03-22
15,2020-05-02,The Comforting Hand,2012.0,https://boxd.it/17v8yX,4.0,2019-04-03
16,2020-05-02,The Handmaiden,2016.0,https://boxd.it/17v93h,5.0,2019-04-21
17,2020-05-02,Rend Your Heart,2018.0,https://boxd.it/17vhJZ,2.5,2019-04-27
18,2020-05-02,Oldboy,2003.0,https://boxd.it/17vhSx,4.0,2019-04-29
19,2020-05-02,Bacurau,2019.0,https://boxd.it/17vfgh,4.0,2019-09-01
20,2020-05-02,Letrux em Noite de Climão: Ao Vivo,2019.0,https://boxd.it/17xApt,3.0,2020-01-05
21,2020-05-02,Happy Together,1997.0,https://boxd.it/17viJ7,5.0,2020-03-15
22,2020-05-02,The State of Things,1982.0,https://boxd.it/17w0bt,4.0,2020-03-17
23,2020-05-02,Midsommar,2019.0,https://boxd.it/17viYh,4.0,2020-03-20
24,2020-05-02,The Other End,2016.0,https://boxd.it/17vi4j,0.5,2020-03-22
25,2020-05-02,Painted Fire,2002.0,https://boxd.it/17w0WJ,3.5,2020-03-28
26,2020-05-02,Three Colours: Blue,1993.0,https://boxd.it/17w1QH,4.0,2020-03-31
27,2020-05-02,Three Colours: White,1994.0,https://boxd.it/17w2BD,3.5,2020-04-02
28,2020-05-02,Three Colours: Red,1994.0,https://boxd.it/17w2aH,4.0,2020-04-04
29,2020-05-02,Frantz,2016.0,https://boxd.it/17w3GJ,4.0,2020-04-07
30,2020-05-02,Bacurau no Mapa,2019.0,https://boxd.it/17vf2f,2.0,2020-04-11
31,2020-05-02,Love Songs,2007.0,https://boxd.it/17w47Z,1.0,2020-04-11
32,2020-05-02,Donnie Darko,2001.0,https://boxd.it/17vc2h,2.0,2020-04-14
33,2020-05-02,Rome Open City,1945.0,https://boxd.it/17w56X,3.0,2020-04-14
34,2020-05-02,The Impassive Muse,2011.0,https://boxd.it/17vSE3,3.0,2020-04-15
35,2020-05-02,Lulu's Dream,2010.0,https://boxd.it/17vR3F,3.0,2020-04-16
36,2020-05-02,Aluga-se,2012.0,https://boxd.it/17vRe9,3.0,2020-04-16
37,2020-05-02,Nostalgia,1983.0,https://boxd.it/17vjrD,4.0,2020-04-18
38,2020-05-02,Pulp Fiction,1994.0,https://boxd.it/17vbyr,4.0,2020-04-21
39,2020-05-02,A Triste Figura,2018.0,https://boxd.it/17vCkL,2.0,2020-04-22
40,2020-05-02,Um Dia é da Vida o Outro da Morte,2017.0,https://boxd.it/17vDwX,1.0,2020-04-22
41,2020-05-02,A Noite Mais Longa de Minha Vida,2016.0,https://boxd.it/17vQRp,2.0,2020-04-22
42,2020-05-02,The Breakfast Club,1985.0,https://boxd.it/17vb71,0.5,2020-04-23
43,2020-05-02,Casque d'Or,1952.0,https://boxd.it/17w6Pp,4.0,2020-04-25
44,2020-05-02,Praça  Walt Disney,2011.0,https://boxd.it/17vTQ5,2.5,2020-04-26
45,2020-05-02,A Peste da Janice,2007.0,https://boxd.it/17vU05,2.0,2020-04-26
46,2020-05-02,River's memory,2013.0,https://boxd.it/17vUit,2.5,2020-04-27
47,2020-05-02,Julho,2019.0,https://boxd.it/17vUuf,1.5,2020-04-27
48,2020-05-02,Coração É Terra que Ninguém Vê,2018.0,https://boxd.it/17vVHT,1.0,2020-04-27
49,2020-05-02,Moonlight,2016.0,https://boxd.it/17wad5,4.5,2020-04-29
50,2020-05-02,Tous les rêves du monde,2017.0,https://boxd.it/17w7DJ,3.0,2020-04-30
51,2020-05-02,Summer Ball,2019.0,https://boxd.it/17vW5r,4.0,2020-05-01
52,2020-05-02,The Most Beloved,2019.0,https://boxd.it/17vWCb,2.0,2020-05-01
53,2020-05-03,A Mulher que Sou,2019.0,https://boxd.it/17AYYt,2.0,2020-05-02
54,2020-05-03,Tea for Two,2018.0,https://boxd.it/17BFzh,0.5,2020-05-02
55,2020-05-03,I don't live here anymore,2019.0,https://boxd.it/17BO9x,4.0,2020-05-02
56,2020-05-03,Livro e Meio,2019.0,https://boxd.it/17BX4V,4.0,2020-05-02
57,2020-05-03,Só Sei Que Foi Assim,2019.0,https://boxd.it/17Ckgv,3.0,2020-05-02
58,2020-05-03,Duda,2019.0,https://boxd.it/17CyWv,2.0,2020-05-02
59,2020-05-04,Avoada,2019.0,https://boxd.it/17KgTJ,2.0,2020-05-03
60,2020-05-04,Name of Baptism — Frances,2019.0,https://boxd.it/17Kh5Z,2.0,2020-05-03
61,2020-05-04,A Profundidade da Areia,2019.0,https://boxd.it/17KH0r,2.0,2020-05-03
62,2020-05-04,Partir,2018.0,https://boxd.it/17KIIf,1.0,2020-05-03
63,2020-05-04,Amnestia,2018.0,https://boxd.it/17KZfT,1.5,2020-05-03
64,2020-05-04,31 de março Brazil,2019.0,https://boxd.it/17L4qR,4.0,2020-05-03
65,2020-05-04,Um Ensaio Sobre Ausência,2018.0,https://boxd.it/17LqrR,1.0,2020-05-03
66,2020-05-05,Le Bonheur,1965.0,https://boxd.it/17Rlsx,4.5,2020-05-04
67,2020-05-06,Sweet Bean,2015.0,https://boxd.it/17ZLTF,3.5,2020-05-04
68,2020-05-06,Nove Águas,2019.0,https://boxd.it/180oYp,2.0,2020-05-05
69,2020-05-06,Frogs,2019.0,https://boxd.it/180rz3,3.0,2020-05-05
70,2020-05-06,Contra-Filé,2019.0,https://boxd.it/180Kt9,4.0,2020-05-05
71,2020-05-06,Being John Malkovich,1999.0,https://boxd.it/1829Vp,2.5,2020-05-05
72,2020-05-09,Legítima Defesa,2017.0,https://boxd.it/18kRvV,3.0,2020-05-06
73,2020-05-09,Buddies,2013.0,https://boxd.it/18lkv1,1.0,2020-05-06
74,2020-05-09,Street of Shame,1956.0,https://boxd.it/18nyox,3.0,2020-05-08
75,2020-05-10,Islands of Heat,2019.0,https://boxd.it/18sxgx,2.0,2020-05-09
76,2020-05-10,O Rabequeiro Maneta e a Fúria da Natureza,2018.0,https://boxd.it/18sxrb,4.0,2020-05-09
77,2020-05-14,Poetic of Clay,2019.0,https://boxd.it/18VolL,1.0,2020-05-09
78,2020-05-11,Diane Has the Right Shape,2017.0,https://boxd.it/18ELC7,4.0,2020-05-10
79,2020-05-12,Marie,2019.0,https://boxd.it/18JJZX,4.0,2020-05-11
80,2020-05-12,A Era de Lareokotô,2019.0,https://boxd.it/18JSx9,3.0,2020-05-11
81,2020-05-12,Mamata,2017.0,https://boxd.it/18KdJP,2.5,2020-05-11
82,2020-05-12,Joderismo,2019.0,https://boxd.it/18Kew3,3.0,2020-05-11
83,2020-05-14,Dela,2018.0,https://boxd.it/18VyfX,3.0,2020-05-12
84,2020-05-14,Céu da Boca,2018.0,https://boxd.it/18VBlJ,3.0,2020-05-12
85,2020-05-14,Rocha,2019.0,https://boxd.it/18VEBF,0.5,2020-05-12
86,2020-05-14,Lolo,2019.0,https://boxd.it/18Xxmn,3.0,2020-05-13
87,2020-05-14,Green Book,2018.0,https://boxd.it/18Zv17,2.5,2020-05-13
88,2020-05-31,Retratos Sobre o Não Ver,2018.0,https://boxd.it/1aSVLz,2.0,2020-05-13
89,2020-05-15,Secrets & Lies,1996.0,https://boxd.it/195zQl,4.5,2020-05-14
90,2020-05-16,Lavender,2019.0,https://boxd.it/198lsP,2.5,2020-05-14
91,2020-05-16,Vivi Wolf and the Magical Room,2019.0,https://boxd.it/198phL,3.5,2020-05-14
92,2020-05-16,Apneia,2019.0,https://boxd.it/198wF1,3.5,2020-05-14
93,2020-05-17,Melancholia,2011.0,https://boxd.it/19jTad,2.5,2020-05-16
94,2020-05-18,Marco,2019.0,https://boxd.it/19qGb7,3.0,2020-05-16
95,2020-05-19,Estranho Animal,2019.0,https://boxd.it/19xieP,1.0,2020-05-16
96,2020-05-19,Planeta Fábrica,2019.0,https://boxd.it/19xsp9,3.0,2020-05-16
97,2020-05-19,As Constituintes de 88,2019.0,https://boxd.it/19A6Ub,3.0,2020-05-16
98,2020-05-19,Bonde,2019.0,https://boxd.it/19AgVt,1.5,2020-05-17
99,2020-05-19,I Bleed,2019.0,https://boxd.it/19Ai9B,3.0,2020-05-17
100,2020-05-20,Tempestade,2019.0,https://boxd.it/19FBix,3.0,2020-05-17
101,2020-05-20,A Ética das Hienas,2019.0,https://boxd.it/19FBvr,1.0,2020-05-17
102,2020-05-20,A Primeira Foto,2019.0,https://boxd.it/19FBBT,2.0,2020-05-17
103,2020-05-20,Jorge,2019.0,https://boxd.it/19FBWn,1.5,2020-05-17
104,2020-05-20,Mona,2019.0,https://boxd.it/19FC9B,3.0,2020-05-17
105,2020-05-20,Angela,2019.0,https://boxd.it/19FCtL,4.0,2020-05-18
106,2020-05-20,Drawing Life,2018.0,https://boxd.it/19FCGb,2.5,2020-05-18
107,2020-05-20,Licença Poética,2019.0,https://boxd.it/19FCQ1,2.5,2020-05-18
108,2020-05-20,Entremarés,2018.0,https://boxd.it/19FCZH,3.0,2020-05-18
109,2020-05-20,Extracts,2019.0,https://boxd.it/19FD7V,2.0,2020-05-18
110,2020-05-20,Sem Asas,2019.0,https://boxd.it/19FDfP,4.0,2020-05-18
111,2020-05-20,BLACKN3SS,2019.0,https://boxd.it/19FDm7,2.0,2020-05-18
112,2020-05-20,The Feather Pillow,2018.0,https://boxd.it/19FDI3,2.0,2020-05-18
113,2020-05-20,Around Copacabana,2020.0,https://boxd.it/19FEph,4.0,2020-05-18
114,2020-05-20,Vento de Sal,2018.0,https://boxd.it/19FDU9,2.0,2020-05-19
115,2020-05-20,Fartura,2019.0,https://boxd.it/19FE4t,5.0,2020-05-19
116,2020-05-20,Resurrection,2019.0,https://boxd.it/19FF7j,3.5,2020-05-19
117,2020-05-20,O Grande Amor de um Lobo,2018.0,https://boxd.it/19FIJb,4.0,2020-05-19
118,2020-05-20,Mia madre,2015.0,https://boxd.it/19FKrD,3.0,2020-05-19
119,2020-05-21,Equinox Flower,1958.0,https://boxd.it/19MNpJ,4.0,2020-05-20
120,2020-05-27,Soul in the Eye,1973.0,https://boxd.it/1atWcv,4.5,2020-05-26
121,2020-05-31,Mission Persephone,2020.0,https://boxd.it/1aTvgn,2.0,2020-05-30
122,2020-05-31,Republic,2020.0,https://boxd.it/1aTSvb,4.5,2020-05-30
123,2020-05-31,Sky Over Water,1978.0,https://boxd.it/1aU4KH,3.5,2020-05-30
124,2020-06-01,The Distance Between Us and the Sky,2019.0,https://boxd.it/1b0EXT,2.0,2020-05-31
125,2020-06-01,Cru,2019.0,https://boxd.it/1b0JvP,1.5,2020-05-31
126,2020-06-01,Circus Person,2020.0,https://boxd.it/1b15EJ,2.5,2020-05-31
127,2020-06-01,Bird Karma,2018.0,https://boxd.it/1b1aUx,2.0,2020-05-31
128,2020-06-01,Marooned,2019.0,https://boxd.it/1b1zDh,3.0,2020-05-31
129,2020-06-01,Bilby,2018.0,https://boxd.it/1b1DjZ,3.0,2020-05-31
130,2020-06-02,And Then the Bear,2019.0,https://boxd.it/1b6xPv,3.0,2020-06-01
131,2020-06-02,Tokyo Story,1953.0,https://boxd.it/1b7MNr,3.0,2020-06-01
132,2020-06-02,PLAGUE INC.,2020.0,https://boxd.it/1b8blx,1.0,2020-06-01
133,2020-06-03,Beatles Electroniques,1969.0,https://boxd.it/1bbJJ5,,2020-06-02
134,2020-06-03,Mona Lisa,1973.0,https://boxd.it/1bbLLR,,2020-06-02
135,2020-06-03,Atman,1975.0,https://boxd.it/1bbTdj,,2020-06-02
136,2020-06-03,The Last Portrait,2016.0,https://boxd.it/1bcG2J,2.0,2020-06-02
137,2020-06-04,Parasite,2019.0,https://boxd.it/1biglH,3.5,2020-06-03
138,2020-06-05,The Girl Who Danced with the Devil,2016.0,https://boxd.it/1bqh8b,3.0,2020-06-04
139,2020-06-11,Foli,2010.0,https://boxd.it/1c44xx,4.0,2020-06-09
140,2020-06-12,Amores Perros,2000.0,https://boxd.it/1cbkjZ,4.0,2020-06-11
141,2020-06-16,Psycho,1960.0,https://boxd.it/1czSIR,4.5,2020-06-15
142,2020-06-16,Paisagem é Narrativa,2020.0,https://boxd.it/1cC4mR,1.5,2020-06-15
143,2020-06-16,Rabbits,2002.0,https://boxd.it/1cCcLF,3.0,2020-06-15
144,2020-06-16,Fire,2015.0,https://boxd.it/1cCghp,1.5,2020-06-15
145,2020-06-17,Querida Mamãe,2017.0,https://boxd.it/1cKTIZ,0.5,2020-06-17
146,2020-06-19,In the Heart of the World,2019.0,https://boxd.it/1cSpVv,2.0,2020-06-18
147,"2020-06-20,Neon Bull,2015,https://boxd.it/1cZtzx,3.5,Yes,""off, tv"",2020-06-19",,,,,
148,2020-06-21,The Story of Fausta,1988.0,https://boxd.it/1d2Dhz,1.0,2020-06-20
149,2020-06-23,Maria,2018.0,https://boxd.it/1dgoLn,4.0,2020-06-22
150,2020-06-23,Malaria,2013.0,https://boxd.it/1dgoP5,4.0,2020-06-22
151,2020-06-23,Kbela,2015.0,https://boxd.it/1dhoe1,5.0,2020-06-22
152,2020-06-24,The Hitchhiker's Guide to the Galaxy,2005.0,https://boxd.it/1dm6QL,2.5,2020-06-23
153,2020-06-25,Island,2018.0,https://boxd.it/1duRT9,4.5,2020-06-24
154,2020-06-25,To the End,2020.0,https://boxd.it/1duS0J,3.5,2020-06-24
155,2020-06-28,Meu Preço,2018.0,https://boxd.it/1dMrfD,2.5,2020-06-27
156,2020-06-29,Guaxuma,2018.0,https://boxd.it/1dR3PH,5.0,2020-06-28
157,2020-06-29,ELEGGUA,2018.0,https://boxd.it/1dTGWB,3.0,2020-06-28
158,2020-06-29,Esta Não é a Sua Vida,1991.0,https://boxd.it/1dTK15,4.0,2020-06-28
159,2020-06-29,The Day Dorival Faced the Guards,1986.0,https://boxd.it/1dTKYh,5.0,2020-06-28
160,2020-06-29,Madame Satã,2002.0,https://boxd.it/1dTLKF,3.5,2020-06-28
161,2020-06-30,Foreign Land,1995.0,https://boxd.it/1dY8S1,5.0,2020-06-29
162,2020-07-01,A Starry Sky,1996.0,https://boxd.it/1e5gsT,1.5,2020-06-30
163,2020-07-01,Ossos,2014.0,https://boxd.it/1e5orf,0.5,2020-06-30
164,2020-07-01,We Are All Here,2016.0,https://boxd.it/1e5w8Z,5.0,2020-06-30
165,2020-07-01,Megalopolis,1973.0,https://boxd.it/1e5wEB,4.0,2020-06-30
166,2020-07-01,Fantasma da Saudade no Vale da Morte,2016.0,https://boxd.it/1e5xvb,1.0,2020-06-30
167,2020-07-01,Eye for an Eye,1966.0,https://boxd.it/1e5xGN,2.5,2020-06-30
168,2020-07-04,O Sanduíche,2000.0,https://boxd.it/1emLUN,4.0,2020-07-03
169,2020-07-04,Guida,2015.0,https://boxd.it/1en0GV,5.0,2020-07-03
170,2020-07-05,Rota de Fuga,2017.0,https://boxd.it/1esesj,2.5,2020-07-04
171,2020-07-05,Smoke Gets in Your Eyes,2009.0,https://boxd.it/1etsBL,1.0,2020-07-04
172,2020-07-05,Invisible Life,2019.0,https://boxd.it/1eu3vZ,4.5,2020-07-04
173,2020-07-06,Tropicália,2012.0,https://boxd.it/1eyBzz,4.0,2020-07-05
174,2020-07-07,The Amulet of Ogum,1974.0,https://boxd.it/1eHrUF,3.0,2020-07-06
175,2020-07-08,Pariah,2011.0,https://boxd.it/1eOktV,4.0,2020-07-07
176,2020-07-10,Sailor,2014.0,https://boxd.it/1f0sIX,0.5,2020-07-09
177,2020-07-10,Renovation,2018.0,https://boxd.it/1f0sWv,2.0,2020-07-09
178,2020-07-10,Janaína Colorida Feito o Céu,2014.0,https://boxd.it/1f0t7D,3.0,2020-07-09
179,2020-07-10,Louça de Deus,2016.0,https://boxd.it/1f0vDh,2.0,2020-07-09
180,2020-07-11,1996,2019.0,https://boxd.it/1f7DdZ,2.0,2020-07-10
181,2020-07-11,Êles,2019.0,https://boxd.it/1f7DvJ,3.0,2020-07-10
182,2020-07-11,Purple Dictatorship,2020.0,https://boxd.it/1f7F33,2.0,2020-07-10
183,2020-07-11,Em Reforma,2019.0,https://boxd.it/1f7Fol,3.0,2020-07-10
184,2020-07-13,Depois da Meia Noite,2020.0,https://boxd.it/1fnX7T,1.5,2020-07-12
185,2020-07-14,A Hora Morta,2020.0,https://boxd.it/1fuSW7,1.0,2020-07-12
186,2020-07-17,They Will Have to Kill Us First,2015.0,https://boxd.it/1fKfCp,3.0,2020-07-16
187,2020-07-18,Saindo de Casa,2017.0,https://boxd.it/1fPULH,1.0,2020-07-17
188,2020-07-18,Ícaro,2017.0,https://boxd.it/1fQ3VB,0.5,2020-07-17
189,2020-07-18,New York New York,2020.0,https://boxd.it/1fRMS5,2.0,2020-07-17
190,2020-07-18,Nefta Football Club,2018.0,https://boxd.it/1fRV3b,4.5,2020-07-17
191,2020-07-19,Em Nome de Deus,2020.0,https://boxd.it/1fWs11,3.0,2020-07-18
192,2020-07-19,Campo dos Afonsos,2020.0,https://boxd.it/1fZovH,0.5,2020-07-18
193,2020-07-19,WHAT DID JACK DO?,2017.0,https://boxd.it/1fZtw1,1.0,2020-07-18
194,2020-07-19,Mercy,2019.0,https://boxd.it/1g09zL,2.5,2020-07-18
195,2020-07-29,Sobrevida,2020.0,https://boxd.it/1h26hR,0.5,2020-07-28
196,2020-07-29,Elementos Naturais,2020.0,https://boxd.it/1h2c79,1.0,2020-07-28
197,2020-07-29,Só Jesus salva,2019.0,https://boxd.it/1h2dQf,1.0,2020-07-28
198,2020-07-29,Paciente,2020.0,https://boxd.it/1h2nxH,1.0,2020-07-28
199,2020-07-29,Comentários a respeito de Belchior,2020.0,https://boxd.it/1h2sSP,1.5,2020-07-28
200,2020-07-29,eu acho que o cinema devia ser de graça para o povo,2019.0,https://boxd.it/1h2zen,1.5,2020-07-28
201,2020-07-29,White Hole,1979.0,https://boxd.it/1h3oXD,,2020-07-28
202,2020-07-29,Everything Visible Is Empty,1975.0,https://boxd.it/1h3p7t,,2020-07-28
203,2020-07-29,Phantom,1975.0,https://boxd.it/1h3pJd,,2020-07-28
204,2020-07-29,Shift,1982.0,https://boxd.it/1h3pQD,,2020-07-28
205,2020-07-31,Metastasis,1971.0,https://boxd.it/1hcsvr,,2020-07-29
206,2020-07-31,Engram,1987.0,https://boxd.it/1hcujH,,2020-07-29
207,2020-07-31,Connection,1981.0,https://boxd.it/1hcwpn,,2020-07-29
208,2020-07-31,Sway,1985.0,https://boxd.it/1hcwRr,,2020-07-29
209,2020-07-31,For My Crushed Right Eye,1969.0,https://boxd.it/1hcAnv,,2020-07-29
210,2020-07-31,Relation,1982.0,https://boxd.it/1hcBgl,,2020-07-29
211,2020-07-31,Ecstasis,1969.0,https://boxd.it/1hcBrj,,2020-07-29
212,2020-07-31,Araby,2017.0,https://boxd.it/1hdCcL,4.0,2020-07-30
213,2020-08-02,Azougue Nazareth,2018.0,https://boxd.it/1hppt9,3.5,2020-08-01
214,2020-08-04,Gloria and Grace,2017.0,https://boxd.it/1hDiNp,1.5,2020-08-03
215,"2020-08-04,""Paris, Texas"",1984,https://boxd.it/1hEd6x,5,,off,2020-08-03",,,,,
216,2020-08-05,Roberto Carlos em Ritmo de Aventura,1968.0,https://boxd.it/1hHyQH,2.0,2020-08-04
217,2020-08-05,Joker,2019.0,https://boxd.it/1hJxiX,2.5,2020-08-04
218,2020-08-07,Adoniran - Meu Nome é João Rubinato,2018.0,https://boxd.it/1hVG29,4.0,2020-08-05
219,2020-08-16,Divine Love,2019.0,https://boxd.it/1iTr1Z,1.0,2020-08-15
220,2020-08-18,Four Days in September,1997.0,https://boxd.it/1j4uJ3,4.0,2020-08-17
221,2020-08-18,The Middle of the World,2003.0,https://boxd.it/1j57rd,2.0,2020-08-17
222,2020-08-20,My Name Is Baghdad,2020.0,https://boxd.it/1jiSvH,4.0,2020-08-19
223,2020-08-26,המכנסיים של פושקין,2019.0,https://boxd.it/1jSu9f,2.5,2020-08-20
224,2020-08-26,Whales Don't Swim,2020.0,https://boxd.it/1jSC1t,3.0,2020-08-20
225,2020-08-26,Barbie & Bob,2020.0,https://boxd.it/1jSIaL,1.5,2020-08-20
226,2020-08-26,Buck,2019.0,https://boxd.it/1jSVaf,2.0,2020-08-20
227,2020-08-26,Champ de Mars,2019.0,https://boxd.it/1jTGyX,3.5,2020-08-20
228,2020-08-26,Different,2019.0,https://boxd.it/1jUsFx,3.0,2020-08-20
229,2020-08-26,Lírio Vermelho,2020.0,https://boxd.it/1jVh9d,1.5,2020-08-20
230,2020-08-22,Greta,2019.0,https://boxd.it/1jun4J,2.0,2020-08-21
231,2020-08-26,Veronica,2020.0,https://boxd.it/1jVRVH,2.0,2020-08-21
232,2020-08-26,Difícil é Não Brincar,,https://boxd.it/1jVUnN,2.5,2020-08-21
233,2020-08-26,Opera Night Feather,2019.0,https://boxd.it/1jVVBB,1.0,2020-08-21
234,2020-08-26,Mi Abuelo Conoce a King Kong,2019.0,https://boxd.it/1jVVR5,0.5,2020-08-21
235,2020-08-23,Elegy of a Crime,2018.0,https://boxd.it/1jAHQb,3.5,2020-08-22
236,2020-08-23,Partido Alto,1976.0,https://boxd.it/1jAQ7T,5.0,2020-08-22
237,2020-08-26,Rehak,2020.0,https://boxd.it/1jVW8P,0.5,2020-08-22
238,2020-08-26,Trench,2019.0,https://boxd.it/1jVWxv,2.5,2020-08-22
239,2020-08-24,Close-Knit,2017.0,https://boxd.it/1jIJgP,3.5,2020-08-23
240,2020-08-26,El B(eso),2019.0,https://boxd.it/1jVq4V,2.0,2020-08-23
241,2020-08-26,El Club,2020.0,https://boxd.it/1jVuLf,2.0,2020-08-23
242,2020-08-25,The Silences,2018.0,https://boxd.it/1jOuDh,4.0,2020-08-24
243,2020-08-26,The Little Soul,2019.0,https://boxd.it/1jSwl3,3.0,2020-08-24
244,2020-08-26,Daniel,2019.0,https://boxd.it/1jTXVJ,4.0,2020-08-24
245,2020-08-26,Clear Valley Report,,https://boxd.it/1jU9EF,2.0,2020-08-24
246,2020-08-26,Weekend,2020.0,https://boxd.it/1jUDzv,2.5,2020-08-24
247,2020-08-26,Foil Man,2019.0,https://boxd.it/1jUU3h,0.5,2020-08-25
248,2020-08-26,La Mamita,2020.0,https://boxd.it/1jV8u7,2.5,2020-08-25
249,2020-08-26,Sonnez Après Minuit,2021.0,https://boxd.it/1jVaZB,4.0,2020-08-25
250,2020-08-26,Shunkan,2020.0,https://boxd.it/1jVxFJ,2.0,2020-08-25
251,2020-08-26,It Will Get Better,2020.0,https://boxd.it/1jVF2v,4.0,2020-08-25
252,2020-08-26,W,2019.0,https://boxd.it/1jVUc1,5.0,2020-08-25
253,2020-08-27,Virago,2019.0,https://boxd.it/1jZuOB,2.5,2020-08-26
254,2020-08-29,Garden City Beautiful,2019.0,https://boxd.it/1ke4Mp,4.5,2020-08-28
255,2020-08-29,Céu Na Terra,2020.0,https://boxd.it/1kehRn,1.0,2020-08-28
256,2020-08-31,Of the Observatory I Saw,2020.0,https://boxd.it/1ksVnF,1.0,2020-08-30
257,2020-08-31,Two War Images,2020.0,https://boxd.it/1kt3AR,0.5,2020-08-30
258,2020-08-31,Pelano!,2019.0,https://boxd.it/1ktAZv,4.0,2020-08-30
259,2020-09-04,Where I Grow Old,2016.0,https://boxd.it/1kPGIz,4.0,2020-09-03
260,2020-09-04,Lost in Translation,2003.0,https://boxd.it/1kSMhb,0.5,2020-09-03
261,2020-09-06,Gone Girl,2014.0,https://boxd.it/1l4Hqr,1.5,2020-09-05
262,2020-09-06,Basic Instinct,1992.0,https://boxd.it/1l6ZTl,0.5,2020-09-05
263,2020-09-09,I'm Thinking of Ending Things,2020.0,https://boxd.it/1lpxhL,0.5,2020-09-08
264,2020-09-10,The Truman Show,1998.0,https://boxd.it/1lx8UJ,3.0,2020-09-09
265,2020-09-11,She's Gotta Have It,1986.0,https://boxd.it/1lCnEV,3.0,2020-09-10
266,2020-09-11,Saturday Night Fever,1977.0,https://boxd.it/1lDTYZ,0.5,2020-09-10
267,2020-09-15,Ele Não,2019.0,https://boxd.it/1m3mcZ,2.0,2020-09-14
268,2020-09-15,The Godfather,1972.0,https://boxd.it/1m4eYj,2.5,2020-09-14
269,2020-09-20,Vou Nadar Até Você,2019.0,https://boxd.it/1myoaj,0.5,2020-09-19
270,2020-09-23,Um Lugar ao Sul,2018.0,https://boxd.it/1mR7qd,3.5,2020-09-21
271,2020-09-23,Terra,2019.0,https://boxd.it/1mR7MD,3.0,2020-09-21
272,2020-09-23,Demonia: A Melodrama in 3 Acts,2016.0,https://boxd.it/1mRb4Z,4.0,2020-09-22
273,2020-09-23,Fire Mouth,2017.0,https://boxd.it/1mRbqV,4.5,2020-09-22
274,2020-09-23,A Culpa é do Neymar,2015.0,https://boxd.it/1mRf8h,3.0,2020-09-22
275,2020-09-24,The Honest Candidate,2014.0,https://boxd.it/1mY8CD,0.5,2020-09-23
276,2020-09-24,The Strong Ones,2019.0,https://boxd.it/1mYfRP,2.5,2020-09-23
277,2020-09-24,The Daytime Doorman,2016.0,https://boxd.it/1mYEiv,0.5,2020-09-24
278,2020-09-26,Bao,2018.0,https://boxd.it/1n90Yj,4.0,2020-09-25
279,2020-09-26,Babel,2006.0,https://boxd.it/1n9MjN,3.5,2020-09-26
280,2020-09-28,Travessia,2017.0,https://boxd.it/1nokBf,3.0,2020-09-27
281,2020-09-29,La Maison en Petits Cubes,2008.0,https://boxd.it/1nr8xr,4.0,2020-09-27
282,2020-09-30,Party Over,2019.0,https://boxd.it/1nzCvL,4.5,2020-09-29
283,2020-09-30,Life in Gray,2017.0,https://boxd.it/1nzXO5,2.5,2020-09-29
284,2020-10-01,Califórnia,2015.0,https://boxd.it/1nEP3Z,1.0,2020-09-30
285,2020-10-04,Don't Call Me Son,2016.0,https://boxd.it/1nWvS5,1.5,2020-10-03
286,2020-10-05,The Movie of My Life,2017.0,https://boxd.it/1o4HbX,2.0,2020-10-04
287,2020-10-05,The Age of Innocence,1993.0,https://boxd.it/1o922l,4.5,2020-10-04
288,2020-10-06,The Social Dilemma,2020.0,https://boxd.it/1odKlf,1.0,2020-10-05
289,2020-10-08,Ângelo,2020.0,https://boxd.it/1ooMGr,4.0,2020-10-07
290,2020-10-08,Fifteen,2014.0,https://boxd.it/1ooWFD,3.0,2020-10-07
291,2020-10-17,Alice Júnior,2019.0,https://boxd.it/1pkVuZ,2.5,2020-10-16
292,2020-10-19,Yesterday There Were Strange Things in the Sky,2020.0,https://boxd.it/1pAZ4D,3.0,2020-10-18
293,2020-10-27,Paradise Lost,2018.0,https://boxd.it/1qwo6X,4.0,2020-10-26
294,2020-11-02,The Asphalt Kiss,2018.0,https://boxd.it/1rbEbL,4.0,2020-11-01
295,2020-11-02,Ford v Ferrari,2019.0,https://boxd.it/1rc1Hb,2.5,2020-11-01
296,2020-11-25,The Queen's Gambit,2020.0,https://boxd.it/1twBUt,3.5,2020-11-24
297,2020-11-25,If Anything Happens I Love You,2020.0,https://boxd.it/1tyPJj,1.0,2020-11-24
298,2020-12-02,Reflections of a Blender,2010.0,https://boxd.it/1umw8t,3.0,2020-12-01
299,2020-12-05,Father’s Chair,2012.0,https://boxd.it/1uGF7p,1.0,2020-12-04
300,2020-12-15,The Intruder,2019.0,https://boxd.it/1vMIvl,0.5,2020-12-11
301,2020-12-15,Extremely Loud & Incredibly Close,2011.0,https://boxd.it/1vMISz,0.5,2020-12-12
302,2020-12-15,In Therapy,2009.0,https://boxd.it/1vN1ur,1.0,2020-12-14
303,2020-12-15,Intervenção,2017.0,https://boxd.it/1vN5td,0.5,2020-12-14
304,2020-12-15,Bohemian Rhapsody,2018.0,https://boxd.it/1vQvuR,1.5,2020-12-14
305,2020-12-17,Emicida: AmarElo - It's All for Yesterday,2020.0,https://boxd.it/1w3xxf,4.0,2020-12-16
306,2020-12-23,Trust Me,2014.0,https://boxd.it/1wLi5X,1.0,2020-12-18
307,2020-12-23,On the Fringes of São Paulo: Homeless,2004.0,https://boxd.it/1wM7tV,3.0,2020-12-19
308,2021-01-04,Baby Driver,2017.0,https://boxd.it/1yU14p,3.0,2021-01-03
309,2021-01-04,The Devil All the Time,2020.0,https://boxd.it/1yWb9D,2.5,2021-01-03
310,2021-01-05,The Invisible Guest,2016.0,https://boxd.it/1z5Ccn,4.0,2021-01-04
311,2021-01-07,The Kitchen,1975.0,https://boxd.it/1znyfX,,2021-01-06
312,2021-01-07,Dolemite Is My Name,2019.0,https://boxd.it/1zoLVp,3.5,2021-01-06
313,2021-01-11,I Am Not Your Negro,2016.0,https://boxd.it/1zZbdv,4.5,2021-01-09
314,2021-01-12,Alike,2015.0,https://boxd.it/1A9TWT,3.0,2021-01-10
315,2021-01-12,About a Month,2013.0,https://boxd.it/1Aa0JR,2.5,2021-01-10
316,2021-01-12,Matinta,2010.0,https://boxd.it/1Aafdh,2.0,2021-01-11
317,2021-01-12,Colors & Boots,2010.0,https://boxd.it/1AakJR,2.0,2021-01-11
318,2021-01-12,Tudo Bem,2020.0,https://boxd.it/1AaxZj,2.0,2021-01-11
319,2021-01-13,Batom vermelho sangue,2020.0,https://boxd.it/1AioUb,2.5,2021-01-12
320,2021-01-19,Double Dad,2021.0,https://boxd.it/1BhXfT,1.5,2021-01-18
321,2021-01-25,Felipa e o Foguete,2017.0,https://boxd.it/1C5XhZ,3.0,2021-01-22
322,2021-01-26,Ainda Te Amo Demais,2020.0,https://boxd.it/1Cj6hl,3.0,2021-01-24
323,"2021-01-26,""Adelaide, Aqui Não Há Segunda Vez Para o Erro"",2020,https://boxd.it/1Cjgk5,2.5,,mostratiradentes,2021-01-24",,,,,
324,2021-01-27,5 Fitas,2020.0,https://boxd.it/1CmavH,4.0,2021-01-24
325,2021-01-27,23 Minutos,2020.0,https://boxd.it/1Cmh5V,3.5,2021-01-24
326,2021-01-27,A Destruição do Planeta Live,2021.0,https://boxd.it/1Cmyhf,2.0,2021-01-24
327,2021-01-27,À Beira do Planeta Mainha Soprou a Gente,2020.0,https://boxd.it/1CmGZT,4.0,2021-01-24
328,2021-01-27,Truth Comes Out of its Well to Shame Mankind,2021.0,https://boxd.it/1Cng2X,2.5,2021-01-24
329,2021-01-27,A Pontualidade dos Tubarões,2020.0,https://boxd.it/1CnmCH,2.0,2021-01-24
330,2021-01-27,Rodson ou (Onde o Sol Não Tem Dó),2020.0,https://boxd.it/1CpQgP,3.0,2021-01-25
331,2021-01-28,Babelon,2021.0,https://boxd.it/1CuVzd,1.5,2021-01-25
332,2021-01-28,Animais na Pista,2021.0,https://boxd.it/1Cvl83,3.5,2021-01-25
333,2021-01-28,Casa com Parede,2020.0,https://boxd.it/1CvyDt,2.5,2021-01-25
334,2021-01-28,Caminhos na Noite,2020.0,https://boxd.it/1CvGqx,0.5,2021-01-25
335,2021-01-29,Won't You Come Out To Play,2020.0,https://boxd.it/1CDGy3,1.0,2021-01-25
336,2021-01-29,The Fantastic Garden,2020.0,https://boxd.it/1CDP1x,1.5,2021-01-25
337,2021-01-29,O menino e o ovo,2020.0,https://boxd.it/1CFeib,2.0,2021-01-26
338,2021-01-29,The Mineral World,2020.0,https://boxd.it/1CFhVP,3.0,2021-01-26
339,2021-01-29,Dogs’ Street Opera,2020.0,https://boxd.it/1CFjyD,1.0,2021-01-26
340,2021-01-29,PIETÀ,2020.0,https://boxd.it/1CFmjr,3.0,2021-01-26
341,2021-01-29,Pega-se Facção,2020.0,https://boxd.it/1CFvqB,4.0,2021-01-26
342,2021-01-29,Pátria,2020.0,https://boxd.it/1CFytN,3.0,2021-01-26
343,2021-01-29,From Another Seasons,2021.0,https://boxd.it/1CFOvZ,3.0,2021-01-26
344,2021-01-29,4 Billions Infinites,2020.0,https://boxd.it/1CFUCd,4.0,2021-01-26
345,2021-01-29,Abjetas 288,2021.0,https://boxd.it/1CG8En,3.5,2021-01-27
346,2021-01-30,Novo Mundo,2020.0,https://boxd.it/1CLBcn,3.5,2021-01-27
347,2021-01-30,Preces Precipitadas de um Lugar Sagrado Que Não Existe Mais,2020.0,https://boxd.it/1CM2yv,1.0,2021-01-27
348,2021-01-30,First Carnival,2020.0,https://boxd.it/1CMekZ,1.5,2021-01-27
349,2021-01-30,Rádio Capital Alvorada,2020.0,https://boxd.it/1CMncb,1.5,2021-01-27
350,2021-01-30,Quarta: Dia de Jogo,2021.0,https://boxd.it/1CMqsL,3.0,2021-01-27
351,2021-01-30,Rebu - A Egolombra de uma Sapatão Quase Arrependida,2019.0,https://boxd.it/1CMLNb,4.0,2021-01-27
352,2021-01-30,SAPATÃO: uma racha/dura no sistema,2020.0,https://boxd.it/1CNjQN,2.0,2021-01-27
353,2021-01-31,Sunday Movie,2020.0,https://boxd.it/1CTCM3,1.5,2021-01-27
354,2021-01-31,Vida Dentro de um Melão,2020.0,https://boxd.it/1CUNRb,3.0,2021-01-28
355,2021-01-31,Foguete,2020.0,https://boxd.it/1CUXwR,3.0,2021-01-28
356,2021-01-31,Travelling Wind,2020.0,https://boxd.it/1CV2r3,3.0,2021-01-28
357,2021-01-31,Sketches,2021.0,https://boxd.it/1CViKF,1.5,2021-01-28
358,2021-01-31,Três Graças,2020.0,https://boxd.it/1CVu7F,2.0,2021-01-28
359,2021-01-31,Vander,2021.0,https://boxd.it/1CVyPh,2.5,2021-01-28
360,2021-01-31,Fireflies,2021.0,https://boxd.it/1CVMjT,0.5,2021-01-28
361,2021-01-31,videomemoria,2020.0,https://boxd.it/1CWaph,2.0,2021-01-28
362,2021-01-31,Napo,2020.0,https://boxd.it/1CWmel,2.0,2021-01-28
363,2021-01-31,De Dora por Sara,2020.0,https://boxd.it/1CWsUd,2.5,2021-01-29
364,2021-01-31,The Boat and the River,2020.0,https://boxd.it/1CWC21,3.0,2021-01-29
365,2021-01-31,Uma Noite Sem Lua,2020.0,https://boxd.it/1CWE2H,1.0,2021-01-29
366,2021-01-31,Vitória,2020.0,https://boxd.it/1CWJRb,2.5,2021-01-29
367,2021-01-31,Você tem Olhos Tristes,2020.0,https://boxd.it/1CWRb3,1.5,2021-01-29
368,2021-01-31,Out of Place,2020.0,https://boxd.it/1CWVG5,2.0,2021-01-29
369,2021-01-31,Levantado do Chão,2021.0,https://boxd.it/1CX2Mz,2.5,2021-01-29
370,2021-01-31,Noções de Casa,2020.0,https://boxd.it/1CX8DN,2.5,2021-01-29
371,2021-01-31,Have You Ever Tried to Look Into My Eyes?,2020.0,https://boxd.it/1CXbdD,3.0,2021-01-30
372,2021-01-31,Letícia Monte Bonito 04,2020.0,https://boxd.it/1CXlF3,3.0,2021-01-30
373,2021-01-31,Menarche,2020.0,https://boxd.it/1CXyJR,2.5,2021-01-30
374,2021-01-31,She Who Lives Upstairs,2020.0,https://boxd.it/1CXFNL,2.0,2021-01-30
375,2021-02-03,Lila,2014.0,https://boxd.it/1Dqvs7,2.0,2021-02-02
376,2021-02-11,Something Like That,2017.0,https://boxd.it/1Eudsv,1.5,2021-02-10
377,2021-02-11,Minha Vida em Marte,2018.0,https://boxd.it/1EuRHF,0.5,2021-02-10
378,2021-02-12,Daughters of the Wind,2005.0,https://boxd.it/1EzalV,3.0,2021-02-11
379,2021-02-14,Saucy Toinha,2020.0,https://boxd.it/1EW7fr,2.5,2021-02-13
380,2021-02-16,Malcolm & Marie,2021.0,https://boxd.it/1FeBxV,1.5,2021-02-15
381,2021-02-17,Elis,2016.0,https://boxd.it/1FldDf,2.0,2021-02-16
382,2021-02-18,Refavela 40,2019.0,https://boxd.it/1FtW9b,4.0,2021-02-17
383,2021-02-22,Behind Her Eyes,2021.0,https://boxd.it/1G9tDb,1.0,2021-02-20
384,2021-02-22,O Mar é Ali em Cima,2018.0,https://boxd.it/1G9uyL,3.0,2021-02-21
385,2021-02-22,Som Guia,2015.0,https://boxd.it/1G9v2r,4.0,2021-02-21
386,2021-02-27,Daughter,2019.0,https://boxd.it/1GMxpl,3.0,2021-02-26
387,2021-02-27,She Who Wears the Rain,2019.0,https://boxd.it/1GN26p,3.0,2021-02-26
388,2021-02-28,Capécia,2021.0,https://boxd.it/1GUkt1,1.0,2021-02-26
389,2021-02-28,Inspirações,2021.0,https://boxd.it/1GVpAt,3.0,2021-02-27
390,2021-02-28,M8 - When Death Rescues Life,2019.0,https://boxd.it/1GWJDf,1.0,2021-02-27
391,2021-03-02,A Man Amidst Bees,2015.0,https://boxd.it/1HcZBB,0.5,2021-02-28
392,2021-03-03,Sadla,2019.0,https://boxd.it/1HkeoB,2.5,2021-03-02
393,2021-03-03,Filhas de Lavadeiras,2019.0,https://boxd.it/1HkP8Z,3.0,2021-03-02
394,2021-03-03,Sing Along,2020.0,https://boxd.it/1HkQ1F,3.0,2021-03-02
395,2021-03-03,Sobre Nossas Cabeças,2020.0,https://boxd.it/1HkXNh,2.0,2021-03-02
396,2021-03-26,Night Mode,2021.0,https://boxd.it/1KqlhL,1.0,2021-03-02
397,2021-03-09,I Care a Lot,2020.0,https://boxd.it/1Ianbl,1.0,2021-03-08
398,2021-03-17,Thoroughbreds,2017.0,https://boxd.it/1Je3mF,1.5,2021-03-16
399,2021-03-20,Red Dragon,2002.0,https://boxd.it/1JC1kl,2.0,2021-03-19
400,2021-03-24,Gosto se Discute,2017.0,https://boxd.it/1K6Smp,0.5,2021-03-22
401,2021-03-25,Friendly Beast,2017.0,https://boxd.it/1KfEgP,1.0,2021-03-23
402,2021-03-26,Noturna,2014.0,https://boxd.it/1KqCHr,2.0,2021-03-25
403,2021-03-26,Vamos Ficar Sozinhas,2019.0,https://boxd.it/1KqDsn,3.0,2021-03-25
404,2021-04-01,Elena and Her Men,1956.0,https://boxd.it/1LgVTb,3.0,2021-03-31
405,2021-04-13,Deadly Illusions,2021.0,https://boxd.it/1MZOdL,0.5,2021-04-11
406,2021-04-16,Canvas,2020.0,https://boxd.it/1NrV6D,2.0,2021-04-14
407,2021-04-16,A Love Song for Latasha,2019.0,https://boxd.it/1Ns6F5,2.5,2021-04-14
408,2021-04-16,Two Distant Strangers,2020.0,https://boxd.it/1NsIcl,1.0,2021-04-14
409,2021-04-17,Three Summers,2019.0,https://boxd.it/1NByjz,1.5,2021-04-16
410,2021-04-23,Morde & Assopra,,https://boxd.it/1OsU4R,0.5,2021-04-22
411,2021-04-23,Bridges over the Abyss,2018.0,https://boxd.it/1Ot1Wr,4.0,2021-04-22
412,2021-04-23,Eu Travesti?,2014.0,https://boxd.it/1Ot5H1,1.0,2021-04-22
413,2021-04-23,Relatos Tecnopobres,2019.0,https://boxd.it/1Ot9Vh,0.5,2021-04-22
414,2021-04-23,Their Happiness,2019.0,https://boxd.it/1OtiQb,1.5,2021-04-22
415,2021-04-26,The Father,2020.0,https://boxd.it/1OS6GD,2.0,2021-04-23
416,2021-04-26,Tropical Curse,2016.0,https://boxd.it/1OS8WD,1.5,2021-04-24
417,2021-04-26,Film for Blind Poet,2012.0,https://boxd.it/1OXxfT,4.0,2021-04-24
418,2021-04-27,Futuro Beach,2014.0,https://boxd.it/1P7iEz,3.0,2021-04-26
419,2021-04-28,Itinerant State,2016.0,https://boxd.it/1Pddpr,2.0,2021-04-27
420,2021-04-28,Dona Sônia Pediu Uma Arma Para Seu Vizinho Alcides,2011.0,https://boxd.it/1PdGvj,2.5,2021-04-27
421,2021-04-29,Ma Rainey's Black Bottom,2020.0,https://boxd.it/1Pij2N,1.0,2021-04-27
422,2021-05-05,Pacarrete,2019.0,https://boxd.it/1Qck7V,3.0,2021-05-04
423,2021-05-09,Billi Pig,2012.0,https://boxd.it/1QDySl,0.5,2021-05-07
424,2021-05-14,SHOUT!,2018.0,https://boxd.it/1RjTgh,0.5,2021-05-12
425,2021-05-14,Now!,1965.0,https://boxd.it/1Rkach,3.0,2021-05-12
426,2021-05-14,Hail Sarajevo,1993.0,https://boxd.it/1RkiVT,4.0,2021-05-12
427,2021-05-15,Dark Habits,1983.0,https://boxd.it/1RukwB,2.5,2021-05-14
428,2021-05-16,Minami em Close-up - A Boca em Revista,2008.0,https://boxd.it/1REOkl,4.0,2021-05-15
429,2021-05-16,Obatala Film,2019.0,https://boxd.it/1RESZR,5.0,2021-05-15
430,2021-05-16,Faço de Mim O Que Quero,2009.0,https://boxd.it/1REZOr,0.5,2021-05-15
431,2021-05-17,Ruin,2016.0,https://boxd.it/1ROJGL,3.0,2021-05-16
432,2021-05-17,Everybody has its own way,2014.0,https://boxd.it/1ROWkX,3.0,2021-05-16
433,2021-05-17,Um Sol Alaranjado,2001.0,https://boxd.it/1RP63x,3.0,2021-05-16
434,2021-05-18,Ski Lessons,2013.0,https://boxd.it/1RVkC9,0.5,2021-05-17
435,2021-05-18,Story of a Feather,2015.0,https://boxd.it/1RVJbx,2.5,2021-05-17
436,2021-05-18,Vando aka Vedita,2017.0,https://boxd.it/1RVRqF,1.0,2021-05-17
437,2021-05-18,Ruído,2017.0,https://boxd.it/1RVXXv,2.0,2021-05-17
438,2021-05-19,Live Flesh,1997.0,https://boxd.it/1S2fIZ,1.5,2021-05-17
439,2021-05-19,The Sarcophagus,2010.0,https://boxd.it/1S5iCV,2.5,2021-05-18
440,2021-05-21,Women on the Verge of a Nervous Breakdown,1988.0,https://boxd.it/1SiMwz,2.0,2021-05-20
441,2021-05-21,The Flower of My Secret,1995.0,https://boxd.it/1SiNvH,3.0,2021-05-20
442,2021-05-22,The Cordial Man's End,2004.0,https://boxd.it/1Sq1ZZ,0.5,2021-05-21
443,2021-05-22,Backyard,2015.0,https://boxd.it/1SqtJF,1.0,2021-05-21
444,2021-05-22,O Lençol Branco,2004.0,https://boxd.it/1SqBpN,3.0,2021-05-21
445,2021-05-22,Handball,2010.0,https://boxd.it/1SqXXd,3.5,2021-05-21
446,2021-05-22,The Living Dead,2012.0,https://boxd.it/1Sr7YP,2.0,2021-05-22
447,2021-05-24,Marighella,2019.0,https://boxd.it/1SKvrX,3.0,2021-05-23
448,2021-05-31,The Wood,2020.0,https://boxd.it/1TDIZ9,2.5,2021-05-26
449,2021-05-31,Na minha frente,2020.0,https://boxd.it/1TDJRZ,,2021-05-26
450,2021-05-31,Sunflower,2021.0,https://boxd.it/1TDPaR,0.5,2021-05-26
451,2021-05-31,Aperto,2019.0,https://boxd.it/1TEsYh,2.0,2021-05-26
452,2021-05-31,ADUPÉ OBALUAÊ,2020.0,https://boxd.it/1TEy5n,,2021-05-26
453,2021-05-31,Stone,2020.0,https://boxd.it/1TECDj,1.0,2021-05-27
454,2021-05-31,Windows from Here,2021.0,https://boxd.it/1TEFNr,3.0,2021-05-27
455,2021-05-31,Tônica da Cidade,2019.0,https://boxd.it/1TERt9,1.5,2021-05-27
456,2021-05-31,The Other,2020.0,https://boxd.it/1TFkFN,3.5,2021-05-27
457,2021-05-31,Soyka,2020.0,https://boxd.it/1TFtHD,1.0,2021-05-27
458,2021-05-31,Iracema Plaza Hotel,2020.0,https://boxd.it/1TFw03,3.0,2021-05-27
459,2021-06-02,Anna,2019.0,https://boxd.it/1TVJOd,3.0,2021-05-28
460,2021-06-02,16,2020.0,https://boxd.it/1TVRb9,2.5,2021-05-28
461,2021-06-02,Spring Forever,2021.0,https://boxd.it/1TVTcj,3.0,2021-05-28
462,2021-06-02,Menina Veneno,2021.0,https://boxd.it/1TVZxd,1.0,2021-05-28
463,2021-06-02,Cliché,2020.0,https://boxd.it/1TW417,2.0,2021-05-29
464,2021-06-02,El barbero,2021.0,https://boxd.it/1TWdY3,1.0,2021-05-29
465,2021-06-04,The Given Word,1962.0,https://boxd.it/1UbqLL,4.0,2021-06-03
466,2021-06-11,Fried Green Tomatoes,1991.0,https://boxd.it/1V6SY3,2.0,2021-06-10
467,2021-06-21,Halston,2021.0,https://boxd.it/1WjyYx,2.5,2021-06-19
468,2021-06-23,O Último Virgem,2016.0,https://boxd.it/1WzWhT,0.5,2021-06-21
469,2021-06-23,Teen's Confessions,2013.0,https://boxd.it/1WCiBZ,0.5,2021-06-21
470,2021-06-24,Carnaval,2021.0,https://boxd.it/1WKLrb,0.5,2021-06-23
471,2021-06-26,Just Like Our Parents,2017.0,https://boxd.it/1WXkV5,2.0,2021-06-25
472,2021-06-30,Mr & Mme Adelman,2017.0,https://boxd.it/1XvDnf,1.0,2021-06-28
473,2021-07-08,The Serpent,2021.0,https://boxd.it/1YEEaj,3.0,2021-07-05
474,2021-07-14,The Mighty Spirit,1999.0,https://boxd.it/1ZAcY7,4.0,2021-07-12
475,2021-07-14,Playing,2007.0,https://boxd.it/1ZAdrD,5.0,2021-07-13
476,2021-07-17,Elize Matsunaga: Once Upon a Crime,2021.0,https://boxd.it/1ZVlun,3.0,2021-07-15
477,2021-07-23,Stepmom,1998.0,https://boxd.it/20SYw1,2.5,2021-07-22
478,2021-07-25,Erin Brockovich,2000.0,https://boxd.it/21dq7N,2.5,2021-07-23
479,2021-07-27,Podecrer!,2007.0,https://boxd.it/21v1Lz,0.5,2021-07-24
480,2021-07-27,Todas as Melodias,2020.0,https://boxd.it/21v2I7,1.0,2021-07-25
481,2021-07-27,Jonah,2016.0,https://boxd.it/21yd9t,0.5,2021-07-26
482,2021-07-29,Trumbo,2015.0,https://boxd.it/21OonN,2.5,2021-07-28
483,2021-07-30,Partida,2019.0,https://boxd.it/21WOsP,3.0,2021-07-29
484,2021-08-01,Copacabana,2001.0,https://boxd.it/22fuYT,0.5,2021-07-31
485,2021-08-04,A Day with Jerusa,2020.0,https://boxd.it/22Ek5T,2.5,2021-08-02
486,2021-08-05,Three Identical Strangers,2018.0,https://boxd.it/22LcRz,1.0,2021-08-03
487,2021-08-07,How to Hack Your Boss,2021.0,https://boxd.it/237Tvv,0.5,2021-08-06
488,2021-08-11,Intervalo Clandestino,2006.0,https://boxd.it/23J1vn,0.5,2021-08-09
489,2021-08-13,Sergio,2020.0,https://boxd.it/23ZOvX,2.0,2021-08-10
490,2021-08-28,Ney - À Flor da Pele,2020.0,https://boxd.it/268jRf,2.5,2021-08-24
491,2021-08-28,A Treat of Coutinho,2019.0,https://boxd.it/268mfj,3.0,2021-08-27
492,2021-08-28,Saucy Toinha,2020.0,https://boxd.it/269jNT,4.0,2021-08-27
493,2021-09-27,Palavra (En)Cantada,2009.0,https://boxd.it/2afkQn,3.5,2021-09-25
494,2021-09-30,My Salinger Year,2020.0,https://boxd.it/2aAGGL,2.0,2021-09-27
495,2021-09-30,As Incríveis Artimanhas da Nuvem Cigana,2016.0,https://boxd.it/2aAGX3,3.5,2021-09-28
496,2021-10-01,Confessions of an Invisible Girl,2021.0,https://boxd.it/2aLS4B,0.5,2021-09-29
497,2021-10-12,Maid,2021.0,https://boxd.it/2crf59,4.0,2021-10-07
498,2021-11-01,Surviving R. Kelly,2019.0,https://boxd.it/2fEonT,3.0,2021-10-31
499,2022-01-23,Cruella,2021.0,https://boxd.it/2vzRu9,0.5,2022-01-08
500,2022-10-22,The 7 Lives of Lea,2022.0,https://boxd.it/3lDEyj,4.0,2022-10-02
501,2022-10-22,Do Revenge,2022.0,https://boxd.it/3lDIUD,2.0,2022-10-10
502,2022-10-22,Emma.,2020.0,https://boxd.it/3lDB1L,2.5,2022-10-18
503,2023-03-08,The Trial,2018.0,https://boxd.it/3X9YaN,1.0,2023-03-07
504,2023-03-08,Your Place or Mine,2023.0,https://boxd.it/3Xa3Zr,0.5,2023-03-07
505,2023-03-09,Little Women,2019.0,https://boxd.it/3XpXeL,3.5,2023-03-08
506,2023-03-23,Marie Antoinette,2006.0,https://boxd.it/41hrpd,3.0,2023-03-21
507,2023-03-23,Persuasion,2022.0,https://boxd.it/41hs83,0.5,2023-03-22
508,2023-04-01,An Education,2009.0,https://boxd.it/43C1DD,3.0,2023-03-31
509,2023-04-03,Sense and Sensibility,1995.0,https://boxd.it/447ASZ,2.5,2023-04-02
510,2023-04-05,The Glass Castle,2017.0,https://boxd.it/44IC9h,2.0,2023-04-04
511,2023-04-10,Brasil Impossível,2018.0,https://boxd.it/469DyZ,5.0,2023-04-09
512,2023-04-10,I Travel Because I Have to I Come Back Because I Love You,2009.0,https://boxd.it/469GPz,5.0,2023-04-09
513,2023-04-21,BEEF,2023.0,https://boxd.it/490psH,4.0,2023-04-14
514,2023-04-21,Taxi Driver,1976.0,https://boxd.it/490pDv,3.0,2023-04-16
515,2023-04-21,Transatlantic,2023.0,https://boxd.it/490qzf,2.5,2023-04-20
516,2023-04-25,Monday,2020.0,https://boxd.it/4aa8yd,0.5,2023-04-23
517,2023-05-15,Never Look Away,2018.0,https://boxd.it/4ft5BB,2.5,2023-05-11
518,2023-05-15,The Deep End of the Ocean,1999.0,https://boxd.it/4ft7i7,2.0,2023-05-13
519,2023-05-15,Drive,2011.0,https://boxd.it/4ft9ZR,3.0,2023-05-14
520,2023-05-16,Blue Valentine,2010.0,https://boxd.it/4fDFxF,1.5,2023-05-15
521,2023-05-31,Enola Holmes,2020.0,https://boxd.it/4jlWrJ,1.0,2023-05-21
522,2023-05-31,Enola Holmes 2,2022.0,https://boxd.it/4jlXkT,1.0,2023-05-21
523,2023-05-31,Parallel Mothers,2021.0,https://boxd.it/4jlZfr,3.0,2023-05-28
524,2023-06-03,Inside Man,2022.0,https://boxd.it/4k4OAX,2.0,2023-06-02
525,2023-06-10,Chile '76,2022.0,https://boxd.it/4m6cY5,2.5,2023-06-08
526,2023-06-16,The Twelve,2019.0,https://boxd.it/4nJHEn,3.5,2023-06-15
527,2023-06-19,Kika,1993.0,https://boxd.it/4oA5ZD,,2023-06-18
528,2023-06-24,Dunas do Barato,2017.0,https://boxd.it/4pWD2t,3.5,2023-06-23
529,2023-06-27,7 Women and a Murder,2021.0,https://boxd.it/4qKuZ7,0.5,2023-06-25
530,2023-06-29,Love & Other Drugs,2010.0,https://boxd.it/4rqIIN,0.5,2023-06-28
531,2023-07-02,Talk to Her,2002.0,https://boxd.it/4sfFpP,3.5,2023-06-30
532,2023-07-04,Volver,2006.0,https://boxd.it/4sPot3,4.0,2023-07-02
533,2023-07-04,Bad Education,2004.0,https://boxd.it/4sY1fF,4.5,2023-07-03
534,2023-07-11,What Have I Done to Deserve This?,1984.0,https://boxd.it/4v3RIH,2.5,2023-07-09
535,2023-07-12,The Squid and the Whale,2005.0,https://boxd.it/4vmYXx,2.0,2023-07-11
536,2023-08-20,Oppenheimer,2023.0,https://boxd.it/4IUTHz,3.5,2023-07-31
537,2023-08-22,Everything Everywhere All at Once,2022.0,https://boxd.it/4JyVrX,4.0,2023-08-20
538,2023-10-17,Sing,2016.0,https://boxd.it/50E1iF,,2023-09-09
539,2023-10-17,Sing 2,2021.0,https://boxd.it/50E1Z5,,2023-09-10
540,2023-10-17,Little Fires Everywhere,2020.0,https://boxd.it/50E2YR,3.5,2023-09-17
541,2023-10-17,The Lost Flowers of Alice Hart,2023.0,https://boxd.it/50E3iR,4.0,2023-09-28
